,薪酬,地区,详细地址,链接,工作,公司,来源,要求
0,0.8-1.5万/月,深圳,龙华新区观澜街道观光路1301号,http://jobs.51job.com/shenzhen/98122785.html?s=01&t=0,深圳合纵能源技术有限公司,Python开发工程师,_51job,岗位职责：1、Python + CentOS/RHEL + MySQL/PostgreSQL + Redis + kafka；2、部门总体工作内容为能源互联网行业的软件开发，为客户提供基于互联网的能源行业服务。任职要求：1、本科或更高学历，本科就读学校为211或985，计算机、电气自动化、通讯工程等相关专业；2、熟练使用Linux，熟练掌握至少一种关系型数据库；3、熟练使用python语言，熟练使用OOP的范式编码，熟悉TCP/IP协议栈，熟悉基本的算法；4、2年以上软件开发经验，1年以上python开发经验；熟悉kafka，elasticsearch等大数据分布式中间件/构件加分；5、诚实正直、勤奋努力、积极乐观；善于沟通，良好的团队合作能力；细心、有耐心；有较强的责任感和主动性。
1,0.8-1.2万/月,深圳,南山区沙河西路白沙科技产业园1楼B区,http://jobs.51job.com/shenzhen/76152312.html?s=01&t=0,深圳市巴伦技术股份有限公司,Python开发工程师,_51job,岗位职责：主要负责公司业务系统的开发与实施任职要求：1. 计算机相关专业，本科及以上学历，1年以上开发经验；2. 精通Python语言；3. 熟悉Linux操作系统；4. 熟悉PostgreSQL数据库，能熟练编写sql语句；5. 掌握odoo/OpenERP相关技术和实际项目经验优先；6. 有HTML5开发经验优先；7. 需有较强的自学能力和技术攻关能力；员工福利：1、享有国家法定节假日、社保公积金及多至15天带薪年假，五天八小时工作制；2、卓越员工有机会参与公司员工持股计划，分享公司成长溢价；3、公司提供完善的专业知识培训和行业销售技能培训，帮助不同层面的业务人员在职业、事业的不同阶段快速成长为业内出色的技术专才；4、公司每年定期组织员工和家属旅游；5、公司崇尚自由、民主、开放的工作氛围，给予员工充分发挥能力的平台；6、公司提供公平的职业晋升平台，给予勤奋、有能力的员工快速的成长空间。
2,0.8-1万/月,深圳,,http://jobs.51job.com/shenzhen/90719739.html?s=01&t=0,文思海辉技术有限公司Pactera Tec...,python开发,_51job,A. Responsibility岗位职责：1、负责搜索质量评价体系的建设和迭代；2、协助算法工程师进行策略模型训练；3、其他业务相关工作。B. Qualification 岗位要求：1、熟练掌握Python开发语言，有实际项目开发经验优先；2、熟悉excel操作；3、具备较强的代码规范意识和工程思维，有较强的钻研精神和解决问题的能力；4、责任心强，善于沟通，工作积极主动，做事认真细致。C. Others联系邮箱:PTA_SZ@pactera.com
3,2-3万/月,深圳,深圳市福田区彩田路东侧橄榄大厦2407,http://jobs.51job.com/shenzhen/95974795.html?s=01&t=0,北京国双科技有限公司,资深Python工程师（深圳）,_51job,工作职责：1、负责开发公司的各个产品的核心通用运维组件，包括健康监控、运维数据采集、性能报警、产品上线系统和其余自动化运维组件；2、与产品研发人员充分沟通，开发运维平台，保证产品的运维质量，保证产品正常运行。3、自动化运维平台研发，提升运维、开发协作效率，推进标准化运维；4、运维监控平台研发，能够主动学习新技术（如：open tsdb），熟悉zabbix、ganglia或nigios 平台的二次开发，可以通过量化指标，提升运维质量。任职资格：1、5年以上Python开发经验，有其他语言开发经验亦可，熟悉各种powershell或bat或bash及其余SHELL脚本的编写；2、熟悉web框架、http协议；3、有优秀的系统设计和架构的意识，熟悉常用的运维系统的设计原则，熟悉软件设计模式和软件工程；4、熟悉服务器和机房运维的运维技术，熟悉各种性能计数器、健康监控、网络协议、Active Directory、WMI、SNMP、Linux下的系统调用等各种API的其中一种；5、有责任心，有良好的团队合作精神，有责任感，有较好的沟通能力，主动性强；6、对计算机相关基础知识有较好理解，了解常用数据结构和算法；7、良好的编码风格及测试习惯；8、拥有优秀的技术钻研能力和自学能力，能根据现有的知识和学习方法，不断学习自己所未知的、在实际系统运维过程中所需要的新知识。
4,1-2万/月,深圳,深圳福田区深南大道6033号金运世纪大厦18A,http://jobs.51job.com/shenzhen/96924262.html?s=01&t=0,深圳市尚锐科技有限公司,python 工程师-大数据方向,_51job,"岗位职责：1. 数据清洗、数据标准化、数据探索等2. 数据预处理，包括但不限于特征工程等3. 协助应用统计建模、数据挖掘、机器学习方法建立数据模型解决实际问题任职要求：1. 数学、计算机专业，本科及以上学历2. 具有3年以上数据相关领域工作经验3. 精通python语言，有扎实的编码能力与算法基础4. 熟练使用pandas、numpy、matplotlib等工具库5. 熟练使用mongodb、mysql、hadoop等存储6. 使用过scikit-learn, tensorflow 等机器学习框架优先关键字：python大数据机器学习"
5,0.6-1.5万/月,深圳,坂田街道岗头新围仔付五和大道4006号(近华为基地）,http://jobs.51job.com/shenzhen/94286655.html?s=01&t=0,华强方特文化科技集团股份有限公司,Python开发工程师,_51job,职责描述：1.对项目设备运行数据进行采集、清洗与存储；2.理解项目设备数据分析需求，提出数据分析方法并进行编码设计实现；3.通过Python的web应用开发，建立数据分析自动化、可视化平台。任职要求：1.计算机软件相关专业，本科以上学历毕业，扎实的数据结构和算法知识；2.熟练使用Python语言，熟悉常用library，基本的科学计算模块numpy、pandas等计算模块；3.熟悉MySQL，SqlServer等数据库，熟悉socket网络编程；4.熟练python的web框架中的django，flask等一种以上；5.参与过数据分析挖掘系统、推荐系统的研发、机器学习系统工作经验优先。工作地点：深圳市龙岗区坂田五和大道北4006号【华强方特（深圳）智能技术有限公司】
6,0.8-1.6万/月,深圳,深圳市南山区科技路1号桑达科技大厦,http://jobs.51job.com/shenzhen/91587182.html?s=01&t=0,深圳市有限元科技有限公司,Python软件开发工程师,_51job,岗位职责：1.根据开发计划，设计软件模块，完成软件模块源代码编写，实现开发需求规定的功能；2.根据开发需求，完成开发文档，提出模块设计的规划；3.根据开发文档，制定详细的开发计划；4.按要求完成其他相关工作。岗位要求：1.本科或以上学历，计算机相关专业，英语四级，能阅读英文资料；2.熟悉python语言web开发，二年以上开发经验；3.熟悉django/tornado/Flask等python框架，有大开发项目经验优先；4.熟悉mysql数据库开发与优化，对数据库有较强的设计能力；5.熟悉nginx的配置优化者优先；6.良好的编码习惯，有强烈的责任心及良好的团队合作精神。职业发展： 在这里你将接受全方位锻炼、培训、参与专题项目等，拥有公平开放发展平台，如果你有想法无法施展，这将会是一个优秀卓越的平台，我们希望寻找脚踏实地实干型的人才。晋升空间线：Python助理软件开发工程师——Python软件开发工程师——RDS/DVS开发组组长——软件开发组经理——技术研发部总监
7,4-5千/月,深圳,广东省深圳市龙岗区坂田华为基地五和大道北中控大厦,http://jobs.51job.com/shenzhen/91481865.html?s=01&t=0,中控智慧科技股份有限公司,RD-java/Python发工程师,_51job,"岗位职责：1、负责公司软件产品的设计、开发和维护；2、参于需求分析、技术评估，撰写设计方案、开发文档。岗位要求：1、软件工程、计算机软件相关专业；熟悉Python语言；2、熟悉Django, Tornado, Flask框架中的至少一种，熟悉Web后端架构，优先考虑；3、熟悉使用MS SQL, MYSQL等数据库；4、熟悉Javascript，了解HTML、CSS；5、熟悉Struts、Hibernate、Spring等主流技术框架；6、熟悉Linux平台环境的开发，掌握Linux常用命令；7、优秀的应届生亦可考虑。"
8,1.7-2万/月,深圳,深圳市南山区深南大道市高新技术工业村W2栋A区3层A-1,http://jobs.51job.com/shenzhen/93483933.html?s=01&t=0,深圳房讯通信息技术有限公司,Python开发工程师,_51job,岗位职责：1、参与公司测试平台的开发；2、参与公司运维发布平台的开发；3、协助测试部门和运维部门的研发工作；5、参与平台开发以及设计。 任职要求：1、本科以上学历，计算机相关专业毕业，能独立完成项目的开发部署；2、具有3年以上python实际线上产品开发经验；3、有熟悉以下技术者优先考虑：Redis、Memcache、MongoDB、Hadoop4、熟练使用关系数据库(如mysql)或NoSql数据库(如mongodb)，并至少精通其中的种；5、了解rpc架构。关键字：Python软件开发
9,1-1.5万/月,深圳,全深圳,http://jobs.51job.com/shenzhen/91164220.html?s=01&t=0,成都迈思信息技术有限公司,Python开发工程师,_51job,1、统招本科及以上学历，一年以上Python开发经验，熟练使用Python语言；2、具有服务器端开发功底，熟悉数据结构、算法、设计模式、http协议；3、熟悉MySQL，SqlServer等数据库；4、参与过数据分析挖掘系统、推荐系统的研发、机器学习系统工作经验优先；5、能按时完成本职工作或临时交代的其他任务。
10,1.2-2万/月,深圳,南山迅美科技广场,http://jobs.51job.com/shenzhen/98235112.html?s=01&t=0,上海炽聚网络科技有限公司,Python开发工程师,_51job,"岗位要求：本科以上学历，一年以上Python开发经验至少符合以下留条其中的两个1. 有使用Python开发web程序后端项目经验2. 熟悉Linux系统管理维护，熟悉HTTP协议、TCP/IP网络协议；3. 熟练使用shell脚本语言，以及Python开发语言4. 具备良好的合作精神和快速学习能力；5. 熟悉uwsgi + flask 服务框架，熟悉Jenkins、Git,Nginx，mysql等中间件6. 有云平台运维经验者优先（阿里云、AWS 等）、有持续集成及持续部署经验者优先、有日志管理经验者优先、熟悉 openstack技术者优先、有ansible开发经验者优先7. 有互联网运维开发经验者优先关键字：Python开发"
11,0.8-1.5万/月,深圳,宝安区宝城67区隆昌路8号飞扬科技园A栋4楼,http://jobs.51job.com/shenzhen/95633168.html?s=01&t=0,深圳市四十大道电子商务有限公司,Python工程师,_51job,岗位职责：1、负责API 请求的服务端开发和架构设计，构建高并发，高可用的服务；2、负责用户数据的存储和分析，构建用户数据中心。3、负责相关业务的任务调度系统开发和设计，以及数据管理后台；任职资格：1、具有本科以及以上学历，计算机相关专业，2年以上数据抓取经验；2、精通Java、Python语言，有丰富的编程经验；3、熟悉多线程、网络编程，精通网页抓取原理及技术，精通正则表达式，能从结构化的和非结构化的数据中获取信息；4、熟悉爬虫、种子、去重、提取、过滤、分发、DNS cache、异步处理等概念和过程；5、具备信息检索、web挖掘等搜索引擎相关知识，有从事网络爬虫、网页去重、网页信息抓取、网页分类中任一种程序开发经验；6、了解搜索和爬虫开源软件的一种或多种，以及相关原理；7、有文本分析、自然语言处理、搜索引擎、数据挖掘等相关开发经验者；8、敢于尝试和攻克技术难题，对程序完美有偏执追求，敢于挑战自我；9、对数据敏感、有创新精神、主动思考和获取新知识，具备良好的客户需求理解能力、良好的团队协作和优秀的沟通能力。关键字：跨境电商爬虫Python
12,1.5-3万/月,深圳-南山区,威新软件园,http://jobs.51job.com/shenzhen-nsq/96875285.html?s=01&t=0,深圳市藤讯科技有限公司,Python高级开发工程师,_51job,职位描述1. 熟悉在Unix/Linux平台上的Python编程; 了解常用的通讯协议处理模块，XML，JSON处理模块，熟悉格式化文件处理2. 有较强的编码能力及良好的编程风格;3. 对数据结构和算法有比较好的理解和实践;4. 会使用Twisted高性能异步网络开发框架;5. 会使用Scrapy进行爬虫开发;6. 对Python应用性能剖析和优化有经验;7. 有分布式Python应用开发经验;8. 对Web服务开发，并发并行编程，数据库系统有较深入的理解;9. 有金融交易系统开发经验者优先;有如下经验者优先：Flask- Backtrader- Redis-py- pyZMQ- kafka-python- AWS关键字：PythonTwistedScrapymybatisdubbozookeeper
13,0.9-1.5万/月,深圳-南山区,深圳市南山区高新区科苑南路中地数码大厦7层A区,http://jobs.51job.com/shenzhen-nsq/94352603.html?s=01&t=0,深圳市优博讯科技股份有限公司,Python工程师,_51job,岗位职责：1、搭建系统开发环境，完成系统框架和核心代码的实现，负责解决开发过程中的技术问题；2、负责Python技术的相关产品规划、需求、设计、开发、测试等研发工作；3、研究并跟踪IT前沿技术。任职资格：1、计算机及相关专业毕业，本科及以上学历，2年以上互联网相关从业经验；2、熟悉Python编程、设计模式和组件技术；3、熟悉Redis/MongoDB等NoSQL技术；4、具备独立开发功能模块的能力；5、有能阅读英文文档并解决工作中遇到的问题的能力；6、逻辑思维清晰，能够独立承受工作压力。
14,0.9-1.6万/月,深圳-南山区,南山区高新中四道31号研祥科技大厦7B1-B8,http://jobs.51job.com/shenzhen-nsq/95557634.html?s=01&t=0,深圳市正易龙科技有限公司,PYTHON开发工程师,_51job,"岗位职责：1、负责统计系统的后台架构设计、优化。2、开发大型web应用。岗位要求：1、本科及以上学历，熟悉python,两年以上python开发经验；2、熟悉Django, Tornado, Flask框架中的至少一种，熟悉Web后端架构；3、熟悉oracle/postgresql/mysql中的一种或以上数据库，1年以上使用经验；4、对大数据技术感兴趣，具备抗压能力和上进心。关键字：PYTNONdjangotornado"
15,1-1.5万/月,深圳-南山区,深圳市南山区联合总部大厦,http://jobs.51job.com/shenzhen-nsq/96113855.html?s=01&t=0,富士康科技集团New PCEBG事业群,Python应用开发工程师,_51job,"岗位职责:AI(语音、爬虫及图像识别)软件开发任职要求:Required:1. 全日制统招本科学历,计算机相关专业2. Python3开发经验2年以上3. 有版本控制经验4. 熟悉Ubuntu或CentOS操作系统5. 良好的团队合作和流利的交流能力（中英文）Optional:1. 有语音或影像视频应用软件开发经验2年以上2. 有Scrapy和Selenium经验者3. 有Django或Flask等Python Web Framework开发经验者4. 有DOCKER 搭建经验5. 有可供参考的成功案例"
16,,深圳-南山区,飞亚达大厦,http://jobs.51job.com/shenzhen-nsq/97678269.html?s=01&t=0,甲骨文（中国）软件系统有限公司,"高级软件工程师(C#, Python, Windows)",_51job,"Who are we?ST Testing is one of the first teams in OARDC Shenzhen. Right now, we have nearly 50 people, all of them are graduated from the top Universities in China. We always believe that an excellent team is the basis of success.ST Testing is a young team. They are all smart, energetic and easy-going. Cooperation and teamwork are most cherished in our group. What are we doing?Oracle Database Server is Oracle's key product. Our team is responsible for improving the functionality and stability of Oracle Database by integrating and testing various database components.Our primary goal is to program and configure these components to ensure the correct functionality and optimal performance from the individual APIs to the integrated solutions. By covering such a broad spectrum, our group is in a unique strategic position to gain first user experience of the entire stack of the latest Oracle technologies. What can you get from this job?From this job, you can get an opportunity to get a closer look at Oracle's core technologies. During the process of testing, you can get valuable firsthand experience with Oracle Database and Oracle Cloud Platform. This position also makes it possible for you to learn Oracle technologies from both the large and the small. Yes, we are testing, but we are also creating and developing. What do we expect from you?* BS or MS in Computer Science or related field of education.* Strong programming skills in C#/C++, programming skills in Python/Perl is a plus* Good knowledge of RDBMS and SQL, experience with Oracle database and PL/SQL is a plus* Experience with ADO.NET/ODP.NET is a strong plus* Good English communication skill, especially in listening and spoken English* Excellent analytical skill and able to learn new technologies quickly* Self motivated and good team player关键字：C#python"
17,0.9-1.5万/月,深圳-南山区,深圳市南山区软件产业基地,http://jobs.51job.com/shenzhen-nsq/88224043.html?s=01&t=0,广州碧软信息科技有限公司,Python,_51job,"1、 专科及以上学历，计算机相关专业，3年以上大数据开发经验。2、 熟练使用Oracle等常用数据库的开发和结构设计。3、 熟练使用R语言编写常用代码。4、 熟练使用python语言编写常用代码。5、 熟悉常用的机器学习算法。6、 熟练掌握HADOOP HIVE，SPARK的开发和性能调优。7、 有亿级数据量的处理经验。8、人员稳定，能承受较高强度工作。1、购买五险一金。2、工作满一年后将提薪。3、满1年年底有年终奖、年假.4、生日当月有100元蛋糕补贴。5、节日补贴.例如端午节,中秋节等.公司都会给予一定的节日补贴及小礼品.6、旅游活动.每隔段时间公司将会组织公司员工外出旅游,户外拓展,聚餐K歌等休闲活动,增强公司凝聚力.7、公司与百合网有联盟合作关系，提供婚介服务享有公司额外优惠政策。8、公司员工购买恒大房产、保险享有公司额外优惠政策。关键字：大数据数据库中级"
18,7-9千/月,深圳-南山区,南山区中山园路1001号TCL国际E城C11-G,http://jobs.51job.com/shenzhen-nsq/97396435.html?s=01&t=0,深圳市览众科技股份有限公司,Python开发工程师,_51job,1、拥有1-2年以上开发经验，有使用python web框架开发的经验，例如 flask/django；2、具备移动端自动化测试开发经验者优先，如selenium webdriver3、熟悉爬虫方向开发和应用，有爬虫开发经验，熟练使用Scrapy框架，了解PySpider框架；4、熟悉基于Cookie的网站登录原理；5、熟悉分布式爬虫及其部署；会简单的数据清洗、分析及可视化展示；6、了解验证码识别技术；7、熟悉MySQL、redis等数据库，熟练各种基本SQL语句，及数据库性能优化；8、有优秀的逻辑分析、概括、总结能力，能够从大量数据中挖掘出有价值的信息和规律。
19,1.5-3万/月,深圳-南山区,科苑大道讯美科技广场2号楼20层,http://jobs.51job.com/shenzhen-nsq/90001501.html?s=01&t=0,深圳市乐易网络股份有限公司,python开发工程师,_51job,工作职责：1.加入一个专注、严苛、快速发展的团队，通过数据驱动的方式来制定并执行市场推广策略；2.针对Google，Facebook等公司的API接口开发客户端程序；3.理解推广活动的各种配置选项及产生的数据，编写自动化的工具来操作、获取并处理这些数据；4.建立数据模型来解释各渠道的投放效果，找到使回报最大化的策略；5.设计并实现可以有效进行大量A/B test的工具；6.开发一个高可用性的自动化平台，可以实时调整广告的投放参数。任职资格：1.拥有3年以上开发经验，有使用python web框架开发的经验，例如 flask/django；2.有使用python进行数据分析的经验，比如pandas/numpy；3.有互联网公司后台服务的开发经验，掌握数据库(PostgreSQL)、网络编程等方面的工作原理；4.有良好的算法和数据结构基础，及很强的自学能力；5.理解并认可 The Zen of Python；6.善于思考，能提出高质量的问题，系统性地分析并从根源上解决问题；7.沟通能力良好，善于团队合作。关于乐易：★极客精神     专注海外精品手机游戏和应用软件的研发、发行和运营，致力于打造世界级一流的产品；★技术深厚     创始人、CTO（原腾讯部门总监），研发经理及技术骨干均为腾讯技术背景；★飞速发展     成立首年盈利，4年每年100%营收增长，已获A轮融资，估值10亿人民币；★导师制        一对一的导师，助你快速成长。关于福利：★一年两次调薪★            ★绩效奖金高达10个月★★六险一金★       ★一年两次旅游★★7天年假15天带薪事假30天病假★    ★年度体检★★高大上办公环境★     ★每月团建★    ★无限量零食水果供应★关键字：python
20,1.5-2万/月,深圳-南山区,学苑大道1001号南山智园A1栋,http://jobs.51job.com/shenzhen-nsq/97551737.html?s=01&t=0,深信服科技股份有限公司,Python软件开发工程师,_51job,岗位职责：负责公司云端互联网产品的开发，包括项目框架搭建、前后端功能实现等。岗位要求：1、本科及以上学历，1年以上的Python开发经验；2、熟悉Python语言，掌握函数式和面向对象编程，能够编写模块化、可重用、易维护的代码；3、掌握Nginx + Django Web开发；4、熟悉Linux开发环境，掌握基本Shell命令，熟悉Linux C/C++开发优先；5、责任心强，自我驱动力强，具有良好的沟通和团队协作能力，主动，好学。
21,1.3-2.5万/月,深圳-南山区,科兴科学园A2-702,http://jobs.51job.com/shenzhen-nsq/88210309.html?s=01&t=0,深圳市前海汇流信息科技有限公司,Python研发工程师,_51job,"职位诱惑：五险一金,年终奖,国内外旅游职位描述：职位描述：岗位职责：1.负责公司核心分布式系统的开发、维护;2.根据公司的研发流程，编写开发相关的代码和文档；3.根据项目需求，完成功能开发；4.参与部分的模块设计，参与可行性方案的讨论；5.直接参与项目的设计，完成项目功能开发、性能调优，技术创新及技术攻关。岗位要求：1.熟练Python开发语言、熟悉常用的Web框架2.熟悉关系／非关系型数据库的使用，了解基本的设计、优化原则3.熟悉HTTP协议、熟悉基于LNMP的Web开发4.有较强的开发完整项目的能力5.热衷接受新技术并付诸实践6.具备较强的责任心和良好的沟通能力7.可以快速学习新知识，有多种不同范式编程语言使用经验者优先关键字：后端开发PHPPythonNode.js"
22,0.8-1万/月,深圳-南山区,深圳市南山区商华路2号阳光科创中心B座17层整层,http://jobs.51job.com/shenzhen-nsq/97575171.html?s=01&t=0,深圳市瑞云科技有限公司,Python高级研发工程师,_51job,岗位职责：1、负责开发镭速服务器端的相关功能。2、负责指导python初级工程师。3、负责镭速接入云存储。任职资格：1、计算机软件或相关专业，windows、linux下三年以上Python开发经验；2、熟悉Socket、TCP/IP、HTTP通信开发；3、有c/c++、Java/PHP/Javascript语言开发经验优先；4、熟悉FTP协议优先；5、有海量文件传输经验优先；6、有云存储的相关经验优先（OSS、S3、google云存储）
23,1-2万/月,深圳-南山区,科兴科学园A2栋605,http://jobs.51job.com/shenzhen-nsq/97212780.html?s=01&t=0,深圳开黑科技有限公司,Python研发工程师,_51job,"职位诱惑：1、公司目前已完成A轮千万级别融资，产品稳定；2、只要你有能力，入职2个月升职加薪不是问题；3、餐补、车补、加班补贴等统统都有；4、不定期团建，老板一言不合发红包；5、团队氛围好，技术大牛多，关键是还有程序媛；岗位职责1、负责开黑科技旗下“暴鸡电竞”app/web后端的研发工作；2、负责相关模块及服务器的日常维护。职位要求1、两年以上Python后端研发经验, 熟悉Django/Flask框架；2、熟悉Nginx，redis，MySQL 等常用工具库；3、了解Javascript、HTML、CSS；4、熟悉Linux平台环境的开发，掌握Linux常用命令；5、对新技术有强烈的探索欲望，责任心强，善于团队合作；6、有app研发经验优先；7、有Go语言开发经验优先。关键字：PHPPythonJavaGolangDjangoNode.js"
24,1-1.5万/月,深圳-南山区,前海自贸区,http://jobs.51job.com/shenzhen-nsq/98209614.html?s=01&t=0,大连亿达信息技术有限公司深圳分公司,Python开发工程师,_51job,岗位职责：负责金融系统设计、开发等工作。岗位要求：1、本科以上学历，计算机相关专业毕业；2、必须具有两年以上的C++或者Python项目开发经历；3、有金融相关项目开发经历者优先考虑；4、沟通能力良好，逻辑思维较强。
25,1.5-3万/月,深圳-南山区,深圳市南山区数字文化产业基地,http://jobs.51job.com/shenzhen-nsq/97161534.html?s=01&t=0,图麟信息科技（上海）有限公司,Python Web开发工程师,_51job,工作职责：1.全程参与公司深度学习数据平台功能需求的整理，产品流程的定义，以及项目整体的架构、研发与维护工作；2.研究业界***和方案，解决平台研发过程中的关键问题和技术难点。任职要求：1.大学本科或以上学历，计算机相关专业，专业技能优秀者可适当放宽；2.3-5年Python Web开发（包含前端功能开发）相关经验；3.熟练掌握Python语言，熟悉主流的Python Web开发框架如Flask、Django等；4.熟练掌握HTML/CSS/JavaScript等前端技术，熟悉主流的前端框架（库）如Bootstrap、jQuery等，具有HTML5、Vue.js、React等开发经验者优先；5.熟练使用MySQL关系数据库及SQL语言，熟悉Python ORM框架SQLAlchemy，具有NoSQL数据库如MongoDB、Redis等使用经验者优先；6.熟悉Linux操作系统，了解常用的Linux命令；7.沟通能力强，责任心强，具备良好的分析解决问题能力，能独立承担任务。
26,1.5-2万/月,深圳-南山区,科苑北讯美科技大厦1号楼306,http://jobs.51job.com/shenzhen-nsq/91840182.html?s=01&t=0,深圳市比一比网络科技有限公司,Python 爬虫工程师,_51job,"任职要求:1.精通python，能熟练运用Python采集各类网站数据，熟悉XML、HTML5、JavaScript、JSON技术，网页分析熟练，有反屏蔽经验佳。2. 熟悉数据抓包工具，能抓取分析各类APP的网络数据。3. 数据库管理熟练，至少熟练MSSQL Server，MongoDB。4、掌握linux系统基本操作。5. 大学本科学历。6. 良好的沟通能力、团队合作精神,认真负责、具有高度责任感,优秀的学习能力。岗位职责:1、负责公司业务数据采集分析。完成数据采集爬取、解析提取、清洗入库等。2、负责公司数据管理，整理分析。3、负责各类数据接口开发。"
27,2-2.5万/月,深圳-南山区,南山麻雀岭工业区科文路8号中钢大厦M6栋3楼,http://jobs.51job.com/shenzhen-nsq/92714664.html?s=01&t=0,广东盛迪嘉集团有限公司,Python开发工程师,_51job,"岗位职责：1.负责公司数据流程的设计和开发工作，主要职责为数据的整理、管理、分析和挖掘自动化数据任务和工具的开发;2.负责运维数据分析平台、任务调度后台，结果可视化等内部工具开发与优化;3.独立承担开发任务，主导需求的开发，修改，调试，外部配合，发布上线等工作;4.总结产品研发经验，持续产品的改进，根据公司有关部门的合理要求，能进行设计改进；5.协助质量，运营部门解决客户技术问题.岗位要求：1、本科以上学历，计算机、物理、数学等工科专业***,有一年及以上相关工作经验者优先2、精通Python开发，最好有numpy,pandas经验，有其他语言如C/C++/R开发经验更佳3、熟悉关系型数据库和常用的NoSQL数据库，最好有大数据分布式系统的经验和学习兴趣4、能够用python完成数据库、网络交互的系统设计，能设计架构高效稳定的数据流程5、熟悉Linux平台环境的开发，掌握Linux常用命令，熟悉bash及其余SHELL脚本的编写6、对新技术有强烈的探索欲望，责任心强，善于团队合作与管理7、有优秀的系统设计和架构的意识，熟悉常用的运维系统的设计原则，熟悉软件设计模式和软件工程；9、有大数据分析、机器学习的兴趣或经验更佳,"
28,1-2万/月,深圳-南山区,深圳市南山区留学生创业大厦,http://jobs.51job.com/shenzhen-nsq/96912519.html?s=01&t=0,智言科技（深圳）有限公司,Python开发工程师,_51job,"岗位职责：1. 设计和实现公司相关产品的后台架构设计以及相关模块的开发；2. 协助算法工程师进行代码优化和工程化，包括但不限于自然语言处理，对话系统，推荐系统等； 岗位要求：1. 计算机相关专业，1年以上后台开发经验；2. 精通Python, 能够熟练使用至少一种脚本工具；3. 熟悉至少一种相关Web框架：Django /flask/ tornado，有扎实的编程基础，代码能力强；4. 熟悉Linux开发环境；5. 熟悉restful风格api的设计和编写；6. 精通MySQL/Redis等数据存储；7. 熟悉tcp/ip/http协议、精通多进程、多线程编程，及进程间通信；8. 具有优良的代码习惯，重视代码质量，熟悉github开发流程；9. 工作细致认真、有责任心，执行力强，有较强的学习能力和积极性；10. 沟通能力强，有较强的团队协作能力；关键字：Python后端Linux人工智能"
29,1-2万/月,深圳-宝安区,宝安区宝城67区隆昌路8号,http://jobs.51job.com/shenzhen-baq/86069225.html?s=01&t=0,深圳市对酒当歌科技有限公司,Python开发工程师,_51job,"职位描述：1，参与需求评估，产品开发，制定开发计划；2，按研发计划完成，技术分析文档的产出。能独立编写完整的系统开发文档，接口文档，单元测试；3，独立承担开发任务，主导需求的开发，修改，调试，外部配合，发布上线等工作；4，总结产品研发经验，持续产品的改进，根据公司有关部门的合理要求，能进行设计改进；5，协助质量，运营部门解决客户技术问题；岗位要求：1，熟练使用Mysql数据库等常见数据库，熟练使用SQL语言；熟悉Redis等Nosql数据库更佳2，熟悉Python语言,熟悉Django/Tornado/Flask等其中一种框架, 并有1年以上web开发经验，3，熟悉Linux系统，拥有Linux下开发经验的优先考虑；4，能够自主思考，主动沟通，善于解决问题，拥有较强的自学能力，具备创新思维能力；5，热爱技术难点的攻关和新技术的应用；"
30,2-3万/月,深圳-宝安区,华丰国际商务大厦1216,http://jobs.51job.com/shenzhen-baq/98080486.html?s=01&t=0,深圳市拥抱互联科技有限公司,Python高级开发工程师,_51job,1、负责线上系统的优化及维护；2、完成项目的需求设计及开发；3、负责项目开发管理和项目架构优化；4、负责培训预研新技术和业务优化方案； 任职要求：计算机相关专业本科及以上学历，3年以上后台开发经验；- 精通Python，3年以上Python后台开发经验，有良好的编码习惯；- 精通Python服务端编程，精通网络编程；- 熟悉Django/Tornado等web开发框架；- 熟悉大型分布式系统设计与开发；- 熟悉Unix/Linux操作系统下的开发，部署，维护等工作；- 有docker容器开发经验者优先；- 有Kubernetes开发经验者优先；- 具备良好的分析解决问题能力和团队合作能力；- 具有良好的学习能力，对互联网的新技术有很强的求知欲望；有激情，热爱Python，关注用户体验；- 熟悉Hadoop生态链的相关技术者优先(如Hive、HBase、Spark等)；经验和技能要求：1.计算机或数学等相关专业本科及以上学历，最好拥有211或985院校学历2.精通python语言，熟悉c++语言，最好有1到2款相关语言设计的项目上线。3.熟悉zookeeper框架，或者自己实现过一种分布式应用服务。4.精通redis，熟悉msgpack，protocolbuf等开源框架。5.熟悉mysql，调优mysql，了解mysql的一些运维相关操作。6.了解django和flask。7.有图形图像处理经验者优先。关键字：软件开发高级Python项目经理技术经理技术总监项目总监
31,1-1.5万/月,深圳-宝安区,松岗镇松岗大道健仓科技园2栋4楼,http://jobs.51job.com/shenzhen-baq/98133323.html?s=01&t=0,深圳市德富莱智能科技股份有限公司,Python软件开发工程师,_51job,任职要求：1、有5年的python软件开发经验，2、有嵌入式linux经验，3、懂电子电路。
32,1.2-2万/月,深圳-宝安区,深圳市宝安区留仙二路中粮商务公园3栋17层,http://jobs.51job.com/shenzhen-baq/90546319.html?s=01&t=0,传智播客教育集团深圳分校,Python就业指导专员,_51job,岗位职责：1、熟悉Python相关课程；2、能够为学员进行清晰的知识讲解；3、项目经验丰富，能独立带领学员分析模块的实现思路；4、指导学员就业知识，解决学员面试问题；5、传授学员企业开发实战经验，提高实际开发能力。任职要求：1、熟练使用Python语言及常用模块，熟悉Python高级语法；2、熟悉使用Django，Tornado框架，了解web项目的基本开发与使用Nginx布署；3、熟悉MySQL，MongoDB等数据库，了解Redis，Memcached等内存储存系统；4、熟悉Linux系统基本命令和操作，熟悉面向对象设计；5、熟悉socket网络编程，HTTP，TCP，UDP网络协议；6、熟悉HTML，CSS，Javascript等前端基本操作，熟悉Bootstrap框架；7、较强的沟通能力、亲和力；8、痴迷于技术，把控市场技术需求动态。
33,1-1.5万/月,深圳-宝安区,福永塘尾建安路一号,http://jobs.51job.com/shenzhen-baq/96507361.html?s=01&t=0,深圳市合元科技有限公司,Python开发工程师,_51job,岗位职责：1.负责品牌网站vaptio官网后续功能增加和前期功能维护2.有较强的学习能力，可以熟练使用python语言以及django web框架开发3.负责公司电商平台整体的功能附属模块开发4.品牌网站的SEO调整和功能技术相关问题的解决?岗位要求：1.2年以上互联网开发经验，计算机及相关专业毕业，有较强的学习能力和抗压能力2.熟练使用python语言以及django web框架开发关键字：python
34,1-1.5万/月,深圳-福田区,平安大厦,http://jobs.51job.com/shenzhen-ftq/89886829.html?s=01&t=0,深圳市百迅科技有限公司,Python开发工程师,_51job,岗位要求：1.python，django框架Web应用架构设计、详细设计；2.代码框架设计、代码编写，技术攻关，技术指导。任职要求：1. 对面向对象的软件设计思想有较深入的理解，2年以上基于python django框架web应用开发经验；熟悉html\js\css等web开发技术。2.熟悉 mysql\Oracle 数据库编程； 3.具备较强技术文档编写能力，能够熟练编写简洁、规范、有效的设计文档；4.富于团队精神和敬业精神，具有良好的自学能力和独立工作能力及技术指导能力，在指定的时间内完成高质量的工作。
35,1.5-2万/月,深圳-福田区,交通银行大厦19楼1904,http://jobs.51job.com/shenzhen-ftq/96056141.html?s=01&t=0,深圳市易车出行科技有限公司,高级 Python 工程师,_51job,职位描述：* 构架高并发、易扩展的互联网产品后端服务，包括但不限于：分布式爬虫、REST API、支付体系。* 设计低耦合的系统架构，实践、丰富后端技术栈。* 负责部分持续集成以及云服务部署工作。职位要求：* 至少 3 年 Python 全职工作经验。* 有扎实的 Python 基础，至少熟悉一个 web 框架，比如 Django。* 熟悉常见的数据结构和算法，熟练应用于实际应用。* 熟悉 MySQL、Redis，了解数据库设计和调优。加分项：* 有云服务使用经验。* Github 有活动记录。
36,1.5-2万/月,深圳-福田区,安联大厦,http://jobs.51job.com/shenzhen-ftq/95368616.html?s=01&t=0,深圳汇智心晴咨询有限公司,Python开发工程师,_51job,1.负责公司各个网站系统平台建设2. 负责各个平台的日常维护2.保证脚本的正常运行，数据的按时导入3.负责公司数据基础部件的开发4.其他临时维护任务任职资格：英语可以作为工作语言(硬门槛，英文不过关者请勿扰）熟悉多线程，多进程有良好的沟通能力、处理解决问题的能力、抗压能力和强烈的责任感；高度的责任心、良好的沟通技巧和团队合作精神。本科及以上学历，计算机相关专业，两年以上Python开发经验；良好的设计和编程品味，热爱写代码；较好的产品意识，愿意将产品效果作为工作最重要的驱动因素；掌握Web后端开发技术：协议、架构、存储、缓存、安全等；Wadi.com是中东电商市场的领导者。它于2015年成立，隶属于Middle East Internet Group （MEIG）——Rocket Internet和南非电信服务商MTN成立的合资企业。目前Wadi.com在阿联酋和沙特阿拉伯运营，为消费者提供15万种产品，国际品牌数量超过2000。 Wadi.com的联合创始人兼总裁Pratik Gupta表示，此次融资将促进公司在中东市场的进一步发展。公司准备进军其他海湾国家，其中包括巴林、科威特、阿曼和卡塔尔。首席执行官Eyad Alkassar称公司还准备进军约旦。
37,0.6-1.2万/月,深圳-福田区,深南中路新闻大厦,http://jobs.51job.com/shenzhen-ftq/86554934.html?s=01&t=0,深圳市越健明科技有限公司,Python程序员 数据挖掘方向,_51job,"岗位职责：1.负责商业数据的采集；2.对采集的数据进行统计、建模、分析认证，提供分析报告，推动业务的发展；3.负责营销管理问题和交叉分析；任职要求：1.具有Python 扎实的基础知识；2.精通网页抓取原理及技术，精通正则表达式；3.对数据挖掘和分析，机器学习具有强烈的兴趣；4.熟悉多线程编程、算法和数据结构 、Scrapy优先考虑；5.熟悉使用 Mysql,Postgresql 等数据库；6.具有Linux使用经验，可以正常搭建和维护相关系统；7.有责任心，学习能力强，良好的团队合作精神，对工作有热情。"
38,4.5-6千/月,深圳-福田区,竹子林益华大厦,http://jobs.51job.com/shenzhen-ftq/98210367.html?s=01&t=0,深圳市佳创科技有限公司,初级python开发工程师,_51job,职位要求：大专及以上学历python、数据库、懂一些网页开发对操作系统的使用熟练有团队合作精神，对工作热情，有耐心福利待遇优越，周末双休，五险一金，餐补，住宿部，工作环境好，气氛融洽关键字：python工程师运维开发测试web前端
39,1-1.5万/月,深圳-福田区,购物公园平安金融大厦,http://jobs.51job.com/shenzhen-ftq/96798382.html?s=01&t=0,深圳市博悦科创科技有限公司,Python开发工程师,_51job,1.2年以上Python开发经验，熟练使用Python语言2.具有服务端开发功底，熟悉数据结构、算法、设计模式、http协议。3.熟悉MySQL/PostgreSql数据库4.参与数据分析挖掘系统，推荐系统的研发机器学习系统工作经验优先考虑5.能按时完成本职工作。
40,0.8-1万/月,深圳-福田区,深圳市福田区滨河大道5022号联合广场A座41楼；,http://jobs.51job.com/shenzhen-ftq/55201892.html?s=01&t=0,美皇贸易（深圳）有限公司,Python程序员,_51job,"1.大专以上学历，有三年或以上WEB方面开发经验，无论何种开发语言。 2.熟悉Python语言，能够运用Python独立完成工作，对各种框架有所了解就更好。 3.熟悉各种数据库的操作，使用过Mysql,Oracle，有Postgresql数据库使用经验更佳。4.对HTML/CSS/JavaScript了解，会使用JQuery更好。 5.有较好的沟通能力，能够在团队中相互协助以完成任务。"
41,1-1.5万/月,深圳-福田区,金田路3038号现代国际商务大厦32层3210室,http://jobs.51job.com/shenzhen-ftq/98091258.html?s=01&t=0,深圳华策辉弘科技有限公司,Python算法工程师,_51job,"职位描述：（1）根据公司战略发展方参与公司产品的开发；（2）建立健全开发流程和相关技术文档的制定，归档和保管职责；（3）参与技术业务制定流程及与其他部门的协调工作；（4）负责与其他部门之间的沟通与协作，满足和协调公司各相关部门提出的更新、新产品等技术需求；（5）配合市场部门开展工作，向市场部门提供必要的技术支持；（6）明确文档编写种类及格式，对项目组需要生成的文档进行质量、数量和时间控制，并组织召开评审会；（7）建立良好的跨项目团队协作关系，支持部门整体业绩目标的实现；（8）负责公司各类技术项目的评审、鉴定等工作, 对技术风险，人力风险，资金风险，设备风险，变更风险等进行有效地进行控制和处理,保证业务发展。任职要求：（1）本科学历以上，硕士优先，三年以上python后台开发经验。（2）能熟练使用python语言写出日常事务相关脚本，精通django后台框架，能熟练开发后台接口；（3）熟悉linux命令，能熟练操作centeros系统，熟练掌握nginx+uwsgi后台生产部署方案；（4）有数据处理能力，有pandas对数据处理的能力，熟悉MySQL数据库下的SQL语句，掌握使用simpy，numpy，networkx等模块。（5）熟练使用Word、Excel、PPT等相关MS操作软件"
42,1-1.5万/月,深圳-罗湖区,大剧院,http://jobs.51job.com/shenzhen-lhq/91957415.html?s=01&t=0,深圳市艾鑫承科技有限公司,Python开发工程师,_51job,岗位职责：1、负责知识库各个所需数据源整合，并将模块打包成良好的应用接口；2、负责问答系统基础的对话匹配，错误排查。岗位要求：1、至少两年以上的Python开发经验；2、可以使用Linux，掌握基本的shell命令和脚本；3、熟悉基本的数据库操作，有一些NoSQL的经验优先；4、熟悉基本的Web开发，restful接口开发，至少理解Web开发基础；5、熟悉基本的正则表达式，有过数据清洗经验；6、较强的动手能力和快速学习能力。关键字：Python软件开发
43,0.8-1.5万/月,深圳-罗湖区,水贝一路与贝丽北路交界处金展珠宝广场A座28楼,http://jobs.51job.com/shenzhen-lhq/90367568.html?s=01&t=0,深圳好多银科技有限公司,Python开发工程师,_51job,岗位职责：1、负责公司产品数据流程的设计和开发工作，主要职责为数据的整理、管理、2、分析和挖掘自动化数据任务和工具的和开发；3、负责运维机器抓取数据自动化平台、任务调度后台等内部工具开发；4、负责研究各类物联网硬件产品的开发包，设计并开发数据对接方案；5、不断提高团队的代码质量和工作效率。 岗位要求：1、精通Python开发，熟悉web2py，有其他语言如C/C++/R开发经验更佳；2、本科以上学历，计算机、物理、数学等工科专业优先；3、熟悉阿里云ECS\RDS\Quick BI\MaxCompute\DataV者优先；4、熟悉报表模型设计和Web技术经验，熟悉报表部署和实施维护，熟悉至少一种BI报表开发工具，如BO、Cognos、BIEE、SSAS、SSIS、Qlikview等；5、熟悉MySQL、SQL Server、PostgreSQL、Oracle，关系型数据库和常用的NoSQL数据库，最好有大数据分布式系统的经验和学习兴趣；6、熟悉Linux平台环境的开发，掌握Linux常用命令，熟悉bash及其余SHELL脚本的编写；7、熟悉B/S结构的应用开发&系统设计，了解web开发设计技术（CSS、HTML、XML、JavaScript、AJAX等），有Jquery开发经验者优先；8、对新技术有强烈的探索欲望，责任心强，善于团队合作与管理。 高级工程师要求：1、有优秀的系统设计和架构的意识，熟悉常用的运维系统的设计原则，熟悉软2、件设计模式和软件工程；3、能设计架构高效稳定的数据流程；4、熟悉分布式系统、网络和并发编程更佳；5、有大数据分析、机器学习的兴趣或经验更佳。工作地址深圳市罗湖区深南东路2028号罗湖商务中心2605关键字：Python开发后台开发
44,1.5-2万/月,深圳-罗湖区,和平路3001号鸿隆世纪广场A座20楼,http://jobs.51job.com/shenzhen-lhq/95137907.html?s=01&t=0,携程旅行网深圳分公司,Python运维开发工程师,_51job,"工作职责:1、参与运维项目开发和维护以及架构优化和性能优化；2、参与监控项目开发和维护以及架构优化和性能优化；3、负责运维平台的后端模块开发。任职资格:1、熟悉Python，两年以上开发经验；2、熟悉Liunx/Windows Server系统编程，熟练系统平台配置；3、熟悉flask,django其中至少一种框架；4、熟悉web开发技术，如HTML、JQuery、JavaScript，Ajax优先；5、具有高度责任心，较强抗压能力及良好职业道德；6、有VS C#.NET开发经验者优先。关键字：Python运维"
45,0.8-1.6万/月,深圳-龙华新区,淘金地大厦E座611(龙华线上塘地铁A出口200米处),http://jobs.51job.com/shenzhen-lhxq/97609644.html?s=01&t=0,深圳市南伽科技信息有限公司,python web工程师,_51job,1、独立完成软件系统代码的设计与实现；2、根据需求完成设计、代码编写、调试、测试和维护；技能要求：1、熟悉python语言开发，熟悉数据结构、算法、设计模式、http协议；2、熟练掌握Flask框架3、熟悉mysql数据库4、熟悉Linux，git关键字：pythonweb
46,0.6-1万/月,深圳-龙华新区,上塘地铁站A出口淘金地大厦A座206,http://jobs.51job.com/shenzhen-lhxq/97288269.html?s=01&t=0,森沐（深圳）网络科技有限公司,Python数据采集开发工程师,_51job,"工作职责： 职责：1.负责设计和开发分布式网络爬虫系统； 2.参与爬虫核心算法的策略优化研究，提升网页抓取的效率和质量，解决反爬问题3.参与网页信息抽取、数据清洗等研发和优化工作；任职资格：1. 大学专科及以上学历，1年以上Hadoop平台开发经验。2. 熟悉linux平台开发，精通Python/Java编程语言中的至少一种； 3. 精通网页抓取原理及技术，熟练使用正则表达式、css path、xpath等，能够从结构化的和非结构化的数据中获取信息;4. 精通任意一种开源爬虫框架，如scrapy、webmagic、nutch、heritrix等等，有开发分布式爬虫系统经验；5. 有 Redis,kafka，hdfs，mysql开发使用经验优先；6. 熟悉IP代理池技术，验证码识别技术，广告过滤技术优先来公司，您将享有以下福利：1、入职即购买综合医疗保险2、正式员工每年享有一次调薪机会3、完善的培训体系，提供全方位的在职培训4、享受每两周一次丰盛的下午茶，以及丰富多彩的员工生日会5、享受国家法定节假日，以及国家规定的带薪年假、婚假、产假等"
47,1.5-2万/月,深圳-龙岗区,坂田物资工业园7栋,http://jobs.51job.com/shenzhen-lgq/92595236.html?s=01&t=0,深圳市以沃科技有限公司,双休高级爬虫工程师Java程序员python高级开发工程师,_51job,岗位职责： 1、负责多电商平台销售信息的抓取、分析、调度、存储，为公司业务提供数据支持； 2、负责绩效核算3、工作中不断研究应用新技术，有效的提高工作效率。4、及时高效完成领导安排的工作任务 岗位要求： 1、5年以上工作经验，【2年】及以上Java开发经验，熟悉windows开发环境，有大型C2C、B2C电商网站爬虫实践经验者优先；2、熟悉多线程网页抓取原理及技术，熟悉基于Cookie的网站登录原理，精通正则表达式能够从Xpath、CSS等网页信息抽取技术；3、具备信息检索、自然语言处理、web挖掘等搜索引擎相关知识，有从事海量网络爬虫、网页去重、网页信息抽取的开发经验;4、有一定的架构设计能力，有很强的分析、解决问题的能力；5、能承受较大的工作压力，有较强团队合作精神，有良好的敬业精神，富于创新精神，具有较强的沟通能力、学习能力； 薪酬：  1.  底薪：8000-12000元。 2. 年终奖：按当年工作时间和工作绩效为标准发放。数额可观。 3. 我们只缺牛人，牛人任何时候都有机会。只要你真牛，有真本事，我们提供你所需一切。薪酬待遇职位尽管提。以上仅供参考。你需要担心的只是你的工作表现和业绩，生存与生活、回报与发展根本不是事儿。你有多牛，就有多少回报，就有多少发展空间。这是我们共同的创业平台。只要贡献卓巨，年薪百万非上限。只会吹牛的就算了。只会吹牛的在这儿没位置。 福利： 1. 缴纳基本社会保险 2. 每月读书分享报告（根据报告质量奖20 - 500元） 3. 每月工作改进报告（根据报告质量奖20 - 500元） 4. 网购福利（每人每月200元报销标准，可自行在亚马逊中国站网购物品自用或送人均可，并提交网购体验报告，实报实销） 5. 生日庆祝等团队活动（每人每月200元报销标准，须参加团队活动，欢迎带亲友参加，实报实销；当月生日的同事在生日当天有生日礼物和蛋糕及同事的祝贺，同月生日的同事合在一起庆生） 6. 餐饮补贴（每人每月100元报销标准，自行购买饮食等在办公室与所有同事共同分享，实报实销） 7. 其他福利 发展机会： 1. 因材施教，精心培养，提供持续不断的学习培训和分享交流机会。 2. 德能勤绩廉优者优先享有更多资源、学习、实践和发展机会。 3. 发挥每个人的最大潜力。 4. 有多大能力就有多大空间。 工作情况： 1. 办公环境宽敞整洁舒适、设备先进、环境秀美，窗外是绿树掩映的空中花园 2. 工作时间     每周五天，早9晚6，午休11：45至13:15；      完全执行国家法定假期规定。 3. 工作忙碌，强度大，节奏快，学习成长迅速。高标准，严要求。质量与效率并重。如果不能胜任，请不必尝试。 4. 请注意！不包吃住，食宿自理。 竞业禁止： 本公司执行严格的竞业禁止条款！    任职期间不可私自或协助他人经营，损公肥私。不可有本公司之外的利益或收入来源。并须进行利益申报，避免任何的利益冲突之潜在机会。    任职期间以及离职之后，都不可将公司资源用于非有利本公司利益之目的。 一经发现，立即辞退，并索偿和追究法律责任，以及在法律框架内，最大程度地予以打击、惩戒，如不同范围的公开、公示等 目前我司主要运营Amazon亚马逊、eBay、Wish、速卖通、Lazada等跨境电商平台为主。 目前主要品类涉及手机和平板配件、其他电子产品和配件、服饰等，但发展不限于以上。 已购买采用的工具软件 SoldEazy（快速大批量刊登及维护软件）、通途（ERP，独立部署）、datacaciques（DC，数字酋长，销售数据分析）、Terapeak（产品开发分析）、补货精灵（在线刊登数量自动维护）等 分享部分与我们的理念一致的箴言（51job不允许写人名） 优秀的人才，只要告诉他，要做什么事要什么效果，他就会想办法搞定。越是出色的人，越善于在缺乏条件的状态下，把事情做到最好；越是平庸的人，越是对做事的条件挑三拣四。 -- 苹果公司创始人 我们成功的原因是我们常常很幸运地很早就找到了优秀的人才。我们为他们提供一切资源，跟他们站在一条线上。 -- Maveron投资人 我相信两个信条：态度比能力重要，选择同样也比能力重要! -- 阿里巴巴创始人 许多员工无法进步是因为他们不愿意付出代价，勇敢的牺牲他们的安逸和舒适。 -- 美国作家 我们必须持续不断地变革。如果我们停滞不前，不关注当下和未来将会发生的事情，我们将死无葬身之地。 -- 美国Spago餐厅创始人 我真挚地相信，我们每个人一定要找到工作的意义。最好的工作状态是，你不仅仅为了工作而做事，而是你所做的事能够改变其他人的生活。 -- Microsoft CEO  好的想法产生好的果实，坏的想法产生坏的果实——人们都是自己命运的栽种者。 -- 英国作家 领导力很少是关于自己，而是有关团队和如何帮助他们成长和成功。领导力代表着大公无私和坚忍不拔。 -- Care首席执行官 为对的人工作，在一家希望你成功的公司工作。别着重在权术上，只专注把自己手上的工作做好。-- 百事公司CEO关键字：java程序员数据开发爬虫方向大数据方向数据应用方向数据工程师爬虫程序员java工程师软件工程师php开发
48,1.3-2万/月,深圳-龙岗区,龙岗大道湖广通大厦4楼,http://jobs.51job.com/shenzhen-lgq/96276814.html?s=01&t=0,深圳市中鹏教育科技股份有限公司,Java/Python 软件开发工程师,_51job,职位描述：1.负责Java或Python项目的开发与维护；2.负责相关的系统分析与设计，独立或主导进行系统数据架构与技术架构：概要设计与详细设计等，主导及参与代码评审、代码注释、代码公共类架构的调整与优化；3.参与Java人工智能、大数据、语音与图像等前沿技术研究和新技术调研，主持或参与未来智能教育的技术可行性研究，并出具可行性报告。任职资格：1.至少5年以上实际开发经验，完成过Java成熟项目的开发，电商、互联网金融、社区、尤其是教育培训行业优先，从事过ERP领域、电商、互联网金融、社区、在线教育等后台系统及APP接口的编写；2.精通J2EE多线程开发，熟悉HTTP通信协议，精通restful接口，能够编写与对接百度、腾讯、阿里人工智能接口，包括其智能设备的服务接口；3.精通Java Web开发，熟练掌握流行的开发框架Spring MVC/Struts2、Hibernate/iBATIS（MyBatis）、Spring、jFinal、jBPM工作流引擎等；4.熟悉MySQL、oracle、SQL server等数据库至少一种，可以对阿里最新的数据库OceanBase等进行研究与二次开发；5.具有良好的PRD文档阅读、技术文档编写能力、口头与看板沟通能力，最好有项目经理经验，具有良好的团队合作与积极引导的精神。6.有高并发项目经验者优先，至少会面向500万级用户，处理在线学习、商城购买、社区或直播交互、客户与产品精准拼配等每秒5万笔。
49,1.3-2万/月,深圳-龙岗区,深圳龙岗坂田街道新天下工业城2号神州大楼8F,http://jobs.51job.com/shenzhen-lgq/95076823.html?s=01&t=0,印孚瑟斯技术（中国）有限公司,Python开发工程师,_51job,1.大专以上学历，计算机相关专业，Python开发工作经验2年以上；2.精通Python，Orace数据库和PL/SQL（包含SQL和包）；3.能承受较大的工作压力，有华为项目经验优先考虑；4.工作踏实，认真，稳定性好。沟通良好，有团队精神。
