熟悉,144
等,87
工作,68
技术,67
Python,67
能力,61
数据,54
优先,52
设计,48
使用,48
公司,47
负责,47
系统,46
以上,45
框架,40
相关,39
数据库,39
熟练,38
要求,37
语言,35
平台,33
良好,32
与,32
python,31
项目,31
者,30
学习,30
.,29
精通,28
或,27
Linux,26
对,26
团队,26
运维,26
能,24
产品,24
以上学历,23
分析,23
任职,23
web,22
沟通,21
参与,21
完成,21
编写,20
关键字,20
研发,20
具有,20
维护,19
专业,19
爬虫,18
并,18
了解,18
代码,18
至少,18
编程,18
一种,17
优化,17
本科,17
进行,17
架构,17
在,17
合作,17
强,17
模块,16
以及,16
岗位,16
Web,16
较强,16
能够,15
算法,15
后台,15
应用,15
需求,15
常用,15
文档,15
部门,14
如,14
网页,14
中,14
and,14
新,14
精神,13
MySQL,13
独立,13
具备,13
责任心,13
掌握,13
计算机相关,13
Oracle,13
职位,13
处理,13
年,12
其他,12
为,12
the,12
基本,12
我们,12
环境,12
网络,12
你,12
会,12
根据,12
发展,12
提供,11
大,11
SQL,11
数据分析,11
协议,11
服务,11
优秀,11
将,11
问题,11
互联网,11
机器,11
mysql,11
django,11
Django,11
功能,11
质量,10
实现,10
抓取,10
自动化,10
是,10
Redis,10
7.,10
接口,10
软件开发,10
工程师,10
is,10
of,10
任务,9
工具,9
存储,9
流程,9
善于,9
数据结构,9
业务,9
可以,9
多,9
Flask,9
资格,9
知识,9
解决,9
描述,8
原理,8
熟练掌握,8
人,8
实际,8
部署,8
电商,8
理解,8
性能,8
不,8
考虑,8
协助,8
操作,8
Java,8
管理,8
快速,8
过,8
in,8
最好,8
培训,8
云,8
职责,8
包括,7
持续,7
拥有,7
CSS,7
are,7
上,7
网站,7
机会,7
元,7
报告,7
to,7
采集,7
基础,7
脚本,7
编码,7
好,7
测试,7
各种,7
挖掘,7
更佳,7
员工,7
研究,7
解决问题,7
flask,7
HTML,7
软件,6
享有,6
分布式,6
后,6
两年,6
后端,6
一年,6
关系,6
下,6
其中,6
多线程,6
购买,6
we,6
强烈,6
较,6
清洗,6
每月,6
信息,6
成长,6
计算机,6
端,6
补贴,5
毕业,5
协作,5
非,5
并发,5
创始人,5
分布式系统,5
5,5
意识,5
pandas,5
运营,5
分享,5
you,5
活动,5
NoSQL,5
正则表达式,5
命令,5
linux,5
旅游,5
http,5
from,5
风险,5
基于,5
设备,5
Tornado,5
C++,5
生日,5
numpy,5
MongoDB,5
不断,5
各类,5
市场,5
兴趣,5
方案,5
天,5
扎实,5
客户,5
自己,5
国家,5
改进,5
他们,5
JavaScript,5
设计模式,5
都,5
制定,5
牛,5
架构设计,5
就,5
操作系统,5
福利,5
HTTP,5
前端,5
有大,5
自学能力,5
所,5
地,5
从,5
学员,5
推荐,4
IP,4
核心,4
只要,4
稳定,4
15,4
结构化,4
探索,4
一金,4
总监,4
有效,4
建立,4
监控,4
数学,4
TCP,4
Javascript,4
Nginx,4
一个,4
标准,4
限于,4
整理,4
时间,4
原则,4
js,4
假,4
习惯,4
欲望,4
指导,4
同事,4
但,4
PostgreSQL,4
Scrapy,4
软件工程,4
金融,4
策略,4
方向,4
承受,4
成功,4
提出,4
过程,4
get,4
抗压,4
Server,4
com,4
常用命令,4
上线,4
kafka,4
主导,4
目前,4
型,4
各个,4
其余,4
主动,4
可,4
API,4
只,4
空间,4
technologies,4
阿里,4
保证,4
攻关,4
高,4
team,4
来,4
责任感,4
搭建,4
想法,3
以下,3
can,3
部分,3
技能,3
资源,3
提高,3
调试,3
高度,3
按时,3
产品开发,3
配置,3
一些,3
创新,3
成立,3
XML,3
bash,3
去,3
开源,3
总结,3
网络协议,3
本科学历,3
C,3
已,3
效率,3
组织,3
语句,3
learn,3
用户,3
高级,3
产生,3
思考,3
找到,3
融资,3
开发技术,3
统计,3
任务调度,3
法定,3
压力,3
with,3
程序,3
重要,3
What,3
很强,3
需要,3
社区,3
实报实销,3
数据挖掘,3
五险,3
不同,3
C#,3
正常,3
数量,3
每人,3
Mysql,3
可视化,3
要,3
不可,3
库,3
热爱,3
关于,3
每年,3
行业,3
把,3
语音,3
年终奖,3
Database,3
请,3
按,3
有关,3
详细,3
整体,3
抽取,3
调整,3
重,3
腾讯,3
软件设计,3
专注,3
效果,3
Wadi,3
高效,3
报销,3
服务端,3
带薪,3
组件,3
运行,3
HTML5,3
执行,3
报表,3
规定,3
回报,3
如果,3
SHELL,3
风格,3
plus,3
主要,3
experience,3
给予,3
发布,3
智能,3
工程,3
人工智能,3
进程,3
阅读,3
于,3
通过,3
testing,3
restful,3
承担,3
主流,3
redis,3
线,3
例如,3
较好,3
英文,3
三年,3
NET,3
利益,3
配合,3
2,3
一定,3
自然语言,3
销售,3
提升,3
从事,3
500,3
MS,3
人才,3
job,3
实践,3
公司员工,3
Spring,3
大专,3
开发计划,3
补,3
经理,3
调优,3
100,3
体系,3
做事,3
大型,3
计算机软件,3
越是,3
方法,3
搜索引擎,3
职业,3
准备,2
CentOS,2
JSON,2
评审,2
过滤,2
数据模型,2
难点,2
一切,2
高质量,2
components,2
更,2
Internet,2
规划,2
内部,2
较大,2
临时,2
方面,2
uwsgi,2
计划,2
更好,2
绩效,2
中东,2
外部,2
工作效率,2
当月,2
调薪,2
构建,2
事,2
领域,2
group,2
数据处理,2
评估,2
211,2
1,2
交互,2
参加,2
任何,2
质量奖,2
集成,2
公平,2
编程语言,2
mongodb,2
Hibernate,2
database,2
经历,2
服务器,2
对话,2
健康,2
事情,2
无法,2
懂,2
面向对象,2
须,2
比如,2
人员,2
投放,2
配件,2
坏,2
尝试,2
额外,2
他,2
RDS,2
团队精神,2
果实,2
985,2
英语,2
JQuery,2
教育,2
丰富,2
需,2
两个,2
而是,2
基础知识,2
our,2
AWS,2
进军,2
条件,2
号,2
完善,2
吹牛,2
团建,2
这,2
搜索,2
ST,2
富于,2
常见,2
Postgresql,2
加,2
10,2
中间件,2
20,2
获取信息,2
自我,2
品牌,2
标准化,2
修改,2
position,2
app,2
本,2
程序员,2
协调,2
未来,2
任职期间,2
竞业禁止,2
建设,2
Hadoop,2
关注,2
可行性,2
月,2
氛围,2
我,2
完整,2
规范,2
Cookie,2
验证码,2
A轮,2
希望,2
开放,2
windows,2
服务器端,2
首席,2
CEO,2
二次开发,2
合理要求,2
socket,2
实施,2
节假日,2
刊登,2
通讯,2
各,2
also,2
每个,2
写,2
关系数据库,2
this,2
做,2
基本操作,2
办公,2
满,2
交流,2
9.,2
主要职责,2
oracle,2
薪酬,2
最大,2
包含,2
统招,2
栈,2
敬业精神,2
自行,2
接受,2
c++,2
愿意,2
优惠政策,2
比,2
包,2
出色,2
镭,2
蛋糕,2
亦可,2
一次,2
应用软件,2
模式,2
易,2
first,2
获取,2
体验,2
诱惑,2
深入,2
广告,2
至,2
专业本科,2
领导力,2
日常,2
亚马逊,2
多少,2
帮助,2
共同,2
an,2
skills,2
工科,2
节日,2
跨境,2
8.,2
Unix,2
网购,2
餐,2
对接,2
for,2
敢于,2
内,2
认真,2
耐心,2
大量,2
作为,2
执行官,2
skill,2
nginx,2
范式,2
驱动,2
必须,2
css,2
相信,2
逻辑思维,2
速,2
什么,2
积极,2
java,2
Testing,2
有较,2
深圳市,2
数据管理,2
物理,2
钻研,2
全方位,2
Our,2
不是,2
登录,2
运用,2
享受,2
Good,2
异步,2
模型,2
项目经理,2
programming,2
信息检索,2
控制,2
前沿技术,2
本职工作,2
个,2
English,2
APP,2
PL,2
热情,2
SqlServer,2
状态,2
建模,2
晋升,2
在线,2
卓越,2
or,2
ERP,2
Bootstrap,2
海量,2
清晰,2
两次,2
tornado,2
了,2
业绩,2
很,2
functionality,2
功底,2
识别,2
BI,2
主动性,2
all,2
或者,2
200,2
生活,2
支持,2
入职,2
提取,2
舒适,2
之,2
shell,2
保险,1
商务中心,1
屏蔽,1
2028,1
webdriver3,1
何种,1
加班,1
Experience,1
阿曼,1
链,1
竞,1
电子电路,1
直接参与,1
官网,1
变更,1
早就,1
节奏快,1
MEIG,1
最,1
相互,1
指标,1
Qualification,1
51,1
万笔,1
This,1
极客,1
系统分析,1
图像识别,1
比较,1
丰盛,1
various,1
人均,1
周末,1
product,1
平庸,1
api,1
领导,1
并重,1
致力于,1
优者,1
全职,1
建立健全,1
OSS,1
百度,1
技术支持,1
深南,1
休闲活动,1
增加,1
符合,1
邮箱,1
功能模块,1
气氛,1
DVS,1
makes,1
匹配,1
不仅仅,1
早,1
死无葬身之地,1
PTA,1
Backtrader,1
Lazada,1
PySpider,1
技术创新,1
OOP,1
The,1
预研,1
客户端程序,1
池,1
改变,1
通用,1
积极主动,1
海外,1
拓展,1
胜任,1
protocolbuf,1
精品,1
讲解,1
位置,1
OceanBase,1
空中,1
MyBatis,1
分,1
优越,1
名,1
逻辑,1
Cognos,1
注释,1
坂田五,1
During,1
均,1
强度,1
价值,1
PPT,1
辞退,1
large,1
optimal,1
生存,1
excel,1
Github,1
指定,1
文件,1
企业,1
elasticsearch,1
加入,1
其,1
每,1
原因,1
总体,1
常用工具,1
简单,1
语法,1
站网,1
可观,1
代理,1
丰富多彩,1
欢迎,1
html,1
缴纳,1
webmagic,1
潜在,1
栽种,1
内容,1
8000,1
歌,1
耦合,1
解析,1
结构,1
布署,1
Jquery,1
系统管理,1
思想,1
msgpack,1
responsible,1
软,1
图形图像,1
MSSQL,1
主持,1
背景,1
项目组,1
源代码,1
包吃,1
多种,1
合在一起,1
用于,1
4006,1
选择,1
严苛,1
2.3,1
重用,1
key,1
级用户,1
损公肥私,1
底薪,1
勇敢,1
引导,1
还有,1
格式化,1
脚本语言,1
SPARK,1
社会保险,1
百合,1
尽管,1
integrating,1
贡献,1
安全,1
程度,1
之后,1
pyZMQ,1
IT,1
感兴趣,1
高性能,1
专业技能,1
此次,1
Spark,1
that,1
挖掘出,1
知识库,1
痴迷,1
恒大,1
核算,1
13,1
为了,1
深圳,1
类,1
廉,1
反爬,1
teamwork,1
在线教育,1
strong,1
SNMP,1
种类,1
library,1
方,1
motivated,1
兼,1
婚假,1
锻炼,1
想,1
Ubuntu,1
PythonTwistedScrapymybatisdubbozookeeper,1
不必,1
组,1
通信,1
实践经验,1
硬,1
升职,1
实干型,1
correct,1
分类,1
able,1
重视,1
华为,1
追究,1
直播,1
计算机专业,1
Xpath,1
联合,1
坚忍不拔,1
jBPM,1
组组长,1
流行,1
DataV,1
充分发挥,1
有本,1
好学,1
OpenERP,1
py,1
spectrum,1
任意,1
Science,1
排查,1
动手,1
Responsibility,1
knowledge,1
德能,1
LNMP,1
媛,1
保管,1
构件,1
乐观,1
Struts2,1
只是,1
概括,1
情况,1
投资人,1
energetic,1
系统性,1
苹果公司,1
亲友,1
时候,1
Pratik,1
Git,1
范围,1
缺,1
细致,1
也,1
单元测试,1
bat,1
从业,1
精准,1
communication,1
SQLAlchemy,1
福利待遇,1
年底,1
攻克,1
UDP,1
专题,1
ADO,1
内存,1
MTN,1
Directory,1
excellent,1
latest,1
参数,1
持股,1
代码优化,1
有利,1
Word,1
间通信,1
APIs,1
巴林,1
热衷,1
避免,1
需有,1
中国,1
git,1
读书,1
掩映,1
Selenium,1
Optional,1
带领,1
不定期,1
图像,1
发现,1
模块化,1
资金,1
google,1
协作关系,1
之间,1
做到,1
经营,1
以,1
education,1
goal,1
young,1
驱动力,1
优,1
严格,1
Windows,1
课程,1
而,1
专才,1
消费者,1
同样,1
技巧,1
一经,1
生产,1
small,1
因材施教,1
top,1
firsthand,1
BO,1
ensure,1
doing,1
人力,1
field,1
每周五,1
跟踪,1
阶段,1
一对一,1
交代,1
还,1
这儿,1
平板,1
千万,1
和运维,1
送,1
品味,1
服饰,1
面向,1
庆生,1
方式,1
这里,1
面向对象编程,1
Memcached,1
结果,1
Middle,1
Eyad,1
每隔,1
WEB,1
多种不同,1
先进,1
勤奋努力,1
问答,1
solutions,1
入库,1
根本,1
Memcache,1
这些,1
一致,1
勤奋,1
手机,1
Nosql,1
营销,1
going,1
分布式应用,1
Go,1
Active,1
抓,1
ODP,1
cache,1
PHP,1
信条,1
发生,1
水果,1
营收,1
30,1
等等,1
院校,1
涉及,1
理念,1
自主,1
敏感,1
HADOOP,1
二年,1
vaptio,1
留条,1
高达,1
导师制,1
庆祝,1
着重,1
外出,1
公积金,1
目标,1
工程化,1
用,1
户外,1
亲和力,1
Cloud,1
花园,1
进步,1
房产,1
真挚,1
根源,1
件,1
path,1
Excellent,1
概要,1
供应,1
渠道,1
许多,1
求知,1
面试,1
产出,1
通信协议,1
centeros,1
them,1
odoo,1
文件传输,1
带,1
实战经验,1
SEO,1
上限,1
现有,1
并行,1
家属,1
绿树,1
鉴定,1
开发包,1
您,1
聚餐,1
高标准,1
高强度,1
购物,1
事业,1
段时间,1
Jenkins,1
J2EE,1
格式,1
思维,1
ansible,1
总裁,1
python1,1
其他人,1
影像,1
powershell,1
必要,1
硕士,1
专业知识,1
动态,1
端的,1
罗湖,1
思维能力,1
增长,1
Shell,1
DC,1
窗外,1
Quick,1
ganglia,1
Alkassar,1
selenium,1
计算,1
Spago,1
低,1
美国,1
就业,1
越,1
player,1
全程,1
社保,1
上进心,1
VS,1
硬件,1
应届生,1
数据源,1
明确,1
analytical,1
整合,1
Twisted,1
整洁,1
百万,1
美国作家,1
予以,1
graduated,1
特征,1
计数器,1
不过关,1
DOCKER,1
万种,1
React,1
认可,1
Amazon,1
更新,1
作家,1
门槛,1
满足,1
促进,1
告诉,1
开展,1
Socket,1
报警,1
允许,1
分项,1
自用,1
电子产品,1
种子,1
公共,1
来源,1
及其,1
着,1
FTP,1
附属,1
实时,1
每秒,1
now,1
它,1
员工福利,1
常常,1
扩展,1
gain,1
.7,1
中秋节,1
Required,1
撰写,1
脚踏实地,1
open,1
Wish,1
B2C,1
发红包,1
创业,1
下午茶,1
SSIS,1
婚介,1
creating,1
B,1
Hive,1
尤其,1
高可用性,1
地址,1
especially,1
业务人员,1
物,1
车,1
Shenzhen,1
亿,1
经验丰富,1
AI,1
适当,1
科威特,1
networkx,1
召开,1
软件产品,1
成,1
HBase,1
如下,1
分发,1
people,1
一家,1
PHPPythonJavaGolangDjangoNode,1
态度,1
品,1
9,1
针对,1
没,1
c,1
完全,1
为主,1
科技,1
提交,1
寻找,1
支付,1
scrapy,1
阿联酋,1
做好,1
仅供参考,1
流利,1
绩效奖金,1
容器,1
秀美,1
SZ,1
cherished,1
Platform,1
科学计算,1
利益冲突,1
合资企业,1
获,1
潜力,1
BIEE,1
激情,1
选项,1
口头,1
hdfs,1
individual,1
估值,1
related,1
认真负责,1
世界级,1
执行力,1
嵌入式,1
good,1
MYSQL,1
规律,1
假期,1
11,1
箴言,1
无论,1
变革,1
simpy,1
easy,1
sql,1
C2C,1
私自,1
细心,1
加薪,1
ip,1
我司,1
web2py,1
DNS,1
Right,1
资料,1
user,1
部,1
MVC,1
剖析,1
请求,1
tsdb,1
公开,1
商城,1
归档,1
Vue,1
和调,1
发挥,1
可用,1
即,1
such,1
盈利,1
中级,1
最大化,1
在职,1
民主,1
提薪,1
调研,1
Excel,1
6,1
积极性,1
迅速,1
联网,1
深厚,1
10.,1
2015,1
安逸,1
付诸实践,1
rpc,1
百事公司,1
一条线,1
英国,1
zookeeper,1
优良,1
生态,1
他人,1
酋长,1
Care,1
数据中心,1
飞速发展,1
是因为,1
开发工具,1
写出,1
追求,1
strategic,1
量化,1
之外,1
expect,1
很少,1
have,1
45,1
jQuery,1
收入,1
称,1
龙岗区,1
餐厅,1
综合,1
Perl,1
发行,1
scikit,1
溢价,1
凝聚力,1
移动,1
领导者,1
构架,1
configure,1
pactera,1
勤绩,1
解释,1
真,1
接入,1
valuable,1
Universities,1
工具软件,1
罗湖区,1
方特,1
quickly,1
Kubernetes,1
possible,1
离职,1
业内,1
展示,1
Liunx,1
listening,1
数据库系统,1
正直,1
developing,1
program,1
地点,1
联盟,1
办公室,1
完美,1
success,1
always,1
Python3,1
前后,1
到,1
简洁,1
权术,1
HIVE,1
closer,1
performance,1
A,1
全日制,1
及时,1
工作制,1
法律责任,1
技术难题,1
后续,1
参于,1
华强,1
docker,1
opportunity,1
12000,1
believe,1
smart,1
有限公司,1
unique,1
.6,1
matplotlib,1
Cooperation,1
申报,1
server,1
超过,1
nigios,1
zabbix,1
MaxCompute,1
RHEL,1
小,1
业界,1
Orace,1
部件,1
祝贺,1
专科,1
隶属于,1
金融交易,1
反,1
调度,1
one,1
进一步,1
China,1
爬取,1
种,1
大学,1
程序开发,1
网,1
万,1
openstack,1
Maveron,1
stack,1
沙特阿拉伯,1
六险,1
当天,1
PYTNONdjangotornado,1
Who,1
目的,1
AJAX,1
hadoop,1
不能,1
联系,1
数据量,1
eBay,1
人民币,1
Gupta,1
Microsoft,1
软件系统,1
国内外,1
手机游戏,1
integrated,1
推动,1
商业,1
可行性研究,1
精心培养,1
缓存,1
市场推广,1
事假,1
统统,1
通途,1
讨论,1
定义,1
层面,1
案例,1
中英文,1
增强,1
挑三拣四,1
住宿,1
but,1
最新,1
PostgreSql,1
概念,1
Struts,1
Ajax,1
初级,1
食宿自理,1
成熟,1
补货,1
东路,1
提供数据,1
为对,1
认真细致,1
技术骨干,1
如何,1
同月,1
立即,1
宽敞,1
佳,1
偏执,1
零食,1
broad,1
四级,1
记录,1
一言不合,1
能源行业,1
SoldEazy,1
basis,1
命运,1
意义,1
传授,1
process,1
助,1
Qlikview,1
They,1
精灵,1
暴鸡电,1
控,1
条款,1
Terapeak,1
住,1
助理,1
大学专科,1
放宽,1
improving,1
文本,1
原,1
7,1
PRD,1
2605,1
站,1
真本事,1
挑战,1
East,1
most,1
亿级,1
by,1
BS,1
云端,1
流,1
手上,1
人们,1
施展,1
当年,1
当下,1
旗下,1
担心,1
ORM,1
do,1
学历,1
Zen,1
设计方案,1
饮食,1
中任,1
交叉,1
待遇,1
jFinal,1
产假,1
充分,1
礼品,1
医疗保险,1
病假,1
能源,1
引擎,1
推进,1
就读,1
认证,1
these,1
covering,1
REST,1
大批量,1
primary,1
公示,1
训练,1
发放,1
五天,1
tcp,1
tensorflow,1
优秀者,1
定期,1
事儿,1
at,1
电信,1
Group,1
xpath,1
Strong,1
PHPPythonNode,1
WMI,1
海湾,1
乐易,1
注意,1
OARDC,1
函数,1
Rocket,1
teams,1
职业道德,1
阿里巴巴,1
储存,1
幸运地,1
索偿,1
Self,1
学校,1
速卖通,1
因素,1
八小时,1
RDBMS,1
datacaciques,1
可供参考,1
遇到,1
搞定,1
CTO,1
双休,1
Hadoop4,1
打包,1
关键问题,1
未知,1
看板,1
停滞不前,1
提,1
端午节,1
调用,1
日常事务,1
无限量,1
nearly,1
深度,1
stability,1
就算,1
表示,1
Computer,1
代表,1
惩戒,1
出具,1
生日礼物,1
首,1
postgresql,1
使,1
评价,1
Facebook,1
Google,1
餐饮,1
2000,1
关键,1
K,1
牺牲,1
高学历,1
向,1
法律,1
级别,1
打击,1
忙碌,1
所有,1
品类,1
pythonweb,1
机房,1
有所,1
老板,1
版本控制,1
Yes,1
自由,1
晚,1
一流,1
it,1
踏实,1
错误,1
spoken,1
look,1
评审会,1
式,1
数字,1
电气,1
.4,1
款,1
迭代,1
两周,1
php,1
理解能力,1
高大,1
勿扰,1
年度,1
数额,1
导师,1
跨,1
结构设计,1
正式,1
生成,1
打造,1
跟,1
年薪,1
体检,1
推广,1
思路,1
ECS,1
Others,1
S3,1
github,1
视频,1
We,1
生日会,1
采用,1
nutch,1
表现,1
融洽,1
大学本科,1
付出代价,1
拼配,1
诚实,1
前期,1
缺乏,1
战略,1
午休,1
办法,1
研发部,1
卡塔尔,1
崇尚,1
NoSql,1
自动,1
服务商,1
国际品牌,1
both,1
开黑,1
导入,1
严要求,1
卓巨,1
大道北,1
日志,1
iBATIS,1
entire,1
heritrix,1
约旦,1
Framework,1
test,1
安排,1
core,1
By,1
From,1
SSAS,1
大公无私,1
预处理,1
new,1
别,1
稳定性,1
50,1
南非,1
